<?xml version="1.0" encoding="UTF-8"?>
<attribution>
    <credits>
        <title>Pyodizer</title>
        <url>https://juliusthejules.github.io/pyodizer/</url>
    </credits>
    <creator>
        <name>Joseph D. Smith</name>
        <url>https://juliusthejules.github.io/juliusthejules/</url>
        <license>
            <type>Creative Commons Attribution NonCommercial ShareAlike 4.0 International License</type>
            <url>https://creativecommons.org/licenses/by-nc-sa/4.0/</url>
        </license>
    </creator>
        <!-- This XML file configures the attribution details for Pyodizer users. -->
</attribution>
